<?xml version="1.0" encoding="UTF-8"?>
<project-private xmlns="http://www.netbeans.org/ns/project-private/1">
    <editor-bookmarks xmlns="http://www.netbeans.org/ns/editor-bookmarks/2" lastBookmarkId="0"/>
    <open-files xmlns="http://www.netbeans.org/ns/projectui-open-files/2">
        <group>
            <file>file:/C:/Users/samrawit/Documents/NetBeansProjects/ObserverPattern/src/observer/pattern/Subject.java</file>
            <file>file:/C:/Users/samrawit/Documents/NetBeansProjects/ObserverPattern/src/observer/pattern/Observer.java</file>
            <file>file:/C:/Users/samrawit/Documents/NetBeansProjects/ObserverPattern/src/observer/pattern/MainClass.java</file>
            <file>file:/C:/Users/samrawit/Documents/NetBeansProjects/ObserverPattern/src/observer/pattern/Announcement.java</file>
            <file>file:/C:/Users/samrawit/Documents/NetBeansProjects/ObserverPattern/src/observer/pattern/Member.java</file>
            <file>file:/C:/Users/samrawit/Documents/NetBeansProjects/ObserverPattern/src/observer/pattern/ObserverPattern.java</file>
        </group>
    </open-files>
</project-private>
